{"items": [{"body": "<p>Brigantino a palo moderno scala 1:25 senza velature</p>", "field_year": "1928", "field_audio": "audio/audio.mp3", "field_status": "OK", "field_estimation": "", "title": "Brigantino a palo moderno scala 1:25 senza velature", "field_inventory_old": "1", "field_placing": "93-81-67-2108-2115-2116-2117-2121-2128-2132-2136-2138-2141", "field_vertical_exposition": "False", "nid": "89", "field_inventory_1": " 2 ", "field_model_value": "2.500", "field_image": "images/_MG_2117.JPG", "field_inventory": " 2 ", "field_model_actual_value": "15.000", "field_other_image": "images/_MG_2136.JPG,images/_MG_2108.JPG,images/_MG_2128.JPG", "field_exposed": "True"}, {"body": "<p>Goletta inglese a gabbiola invelata scala 1:50</p>", "field_year": "1951", "field_audio": "audio/audio_0.mp3", "field_status": "OK/ R/05", "field_estimation": "", "title": "Goletta inglese a gabbiola invelata scala 1:50", "field_inventory_old": "76", "field_placing": "41-2023-2025-2027-2030-2031-2033-2035-2038-2041-2042-2044-2045-2048", "field_vertical_exposition": "False", "nid": "95", "field_inventory_1": " 10 ", "field_model_value": "/", "field_image": "images/_MG_2030.JPG", "field_inventory": " 10 ", "field_model_actual_value": "3.500", "field_other_image": "images/_MG_2031.JPG,images/_MG_2045.JPG,images/_MG_2035.JPG", "field_exposed": "True"}, {"body": "", "field_year": "", "field_audio": "", "field_status": "", "field_estimation": "", "title": "Vetrina attrezzi", "field_inventory_old": "", "field_placing": "", "field_vertical_exposition": "False", "nid": "218", "field_inventory_1": "", "field_model_value": "", "field_image": "", "field_inventory": "", "field_model_actual_value": "", "field_other_image": "", "field_exposed": "True"}, {"body": "", "field_year": "", "field_audio": "", "field_status": "", "field_estimation": "", "title": "Brigantino senza vela", "field_inventory_old": "", "field_placing": "", "field_vertical_exposition": "False", "nid": "219", "field_inventory_1": "", "field_model_value": "", "field_image": "", "field_inventory": "", "field_model_actual_value": "", "field_other_image": "", "field_exposed": "True"}, {"body": "", "field_year": "", "field_audio": "", "field_status": "", "field_estimation": "", "title": "Brigantino invelato", "field_inventory_old": "", "field_placing": "", "field_vertical_exposition": "False", "nid": "221", "field_inventory_1": "", "field_model_value": "", "field_image": "", "field_inventory": "", "field_model_actual_value": "", "field_other_image": "", "field_exposed": "True"}, {"body": "", "field_year": "", "field_audio": "", "field_status": "", "field_estimation": "", "title": "Vascello borbonico", "field_inventory_old": "", "field_placing": "", "field_vertical_exposition": "False", "nid": "220", "field_inventory_1": "", "field_model_value": "", "field_image": "", "field_inventory": "", "field_model_actual_value": "", "field_other_image": "", "field_exposed": "True"}, {"body": "", "field_year": "", "field_audio": "", "field_status": "", "field_estimation": "", "title": "Vetrina bussole", "field_inventory_old": "", "field_placing": "", "field_vertical_exposition": "False", "nid": "223", "field_inventory_1": "", "field_model_value": "", "field_image": "", "field_inventory": "", "field_model_actual_value": "", "field_other_image": "", "field_exposed": "True"}, {"body": "", "field_year": "", "field_audio": "", "field_status": "", "field_estimation": "", "title": "Vetrina calcolatore", "field_inventory_old": "", "field_placing": "", "field_vertical_exposition": "False", "nid": "224", "field_inventory_1": "", "field_model_value": "", "field_image": "", "field_inventory": "", "field_model_actual_value": "", "field_other_image": "", "field_exposed": "True"}, {"body": "", "field_year": "", "field_audio": "", "field_status": "", "field_estimation": "", "title": "Polena", "field_inventory_old": "", "field_placing": "", "field_vertical_exposition": "False", "nid": "222", "field_inventory_1": "", "field_model_value": "", "field_image": "", "field_inventory": "", "field_model_actual_value": "", "field_other_image": "", "field_exposed": "True"}, {"body": "<p>Bussola a secco con custodia e completa di accessori</p>", "field_year": "1982", "field_audio": "", "field_status": "R", "field_estimation": "", "title": "Bussola a secco con custodia e completa di accessori", "field_inventory_old": "822", "field_placing": "54-3765", "field_vertical_exposition": "False", "nid": "152", "field_inventory_1": " 88 ", "field_model_value": "1.679.000", "field_image": "images/_MG_3769.JPG", "field_inventory": " 88 ", "field_model_actual_value": "2.500", "field_other_image": "images/_MG_3765.JPG", "field_exposed": "True"}, {"body": "<p>Chiesuola bussola piroscafo</p>", "field_year": "", "field_audio": "", "field_status": "R", "field_estimation": "", "title": "Chiesuola bussola piroscafo", "field_inventory_old": "-", "field_placing": "304-7271", "field_vertical_exposition": "False", "nid": "148", "field_inventory_1": " 82 ", "field_model_value": "", "field_image": "images/_MG_7267.JPG", "field_inventory": " 82 ", "field_model_actual_value": "500", "field_other_image": "images/_MG_7271.JPG,images/_MG_7265.JPG,images/_MG_7272.JPG", "field_exposed": "True"}, {"body": "<p>Bussola Gironautica</p>", "field_year": "", "field_audio": "", "field_status": "R", "field_estimation": "V", "title": "Bussola Gironautica", "field_inventory_old": "-", "field_placing": "149-3637", "field_vertical_exposition": "False", "nid": "156", "field_inventory_1": " 96 ", "field_model_value": "", "field_image": "", "field_inventory": " 96 ", "field_model_actual_value": "1.000", "field_other_image": "", "field_exposed": "True"}, {"body": "<p>Bussola a secco collocata nella chiesuola con compensatore a sfere Filotecnica Ing. Salmoiraghi - Milano (ex Istituto di Navigazione)</p>", "field_year": "", "field_audio": "", "field_status": "R", "field_estimation": "V", "title": "Bussola a secco collocata nella chiesuola con compensatore a sfere Filotecnica Ing. Salmoiraghi  - Milano (ex Istituto di Navigazione)", "field_inventory_old": "-", "field_placing": "7261", "field_vertical_exposition": "False", "nid": "154", "field_inventory_1": " 94 ", "field_model_value": "", "field_image": "images/_MG_7259_0.JPG", "field_inventory": " 94 ", "field_model_actual_value": "2.000", "field_other_image": "images/_MG_7262_0.JPG,images/_MG_7261_0.JPG", "field_exposed": "True"}, {"body": "<p>Ceppo in piombo di ancora romana (reperto)</p>", "field_year": "", "field_audio": "", "field_status": "OK", "field_estimation": "", "title": "Ceppo in piombo di ancora romana (reperto)", "field_inventory_old": "-", "field_placing": "7039", "field_vertical_exposition": "False", "nid": "191", "field_inventory_1": " 138 ", "field_model_value": "", "field_image": "images/_MG_7041.JPG", "field_inventory": " 138 ", "field_model_actual_value": "400", "field_other_image": "images/_MG_7039.JPG,images/_MG_7043.JPG", "field_exposed": "True"}, {"body": "<p>Scafo pieno di feluca del golfo di Napoli</p>", "field_year": "1937", "field_audio": "", "field_status": "OK/ R/05", "field_estimation": "", "title": "Scafo pieno di feluca del golfo di Napoli", "field_inventory_old": "45", "field_placing": "19-7202", "field_vertical_exposition": "False", "nid": "133", "field_inventory_1": " 62 ", "field_model_value": "40", "field_image": "images/_MG_7205.JPG", "field_inventory": " 62 ", "field_model_actual_value": "1.500", "field_other_image": "images/_MG_7204.JPG,images/_MG_7208.JPG,images/_MG_7206.JPG,images/_MG_7202.JPG", "field_exposed": "True"}, {"body": "<p>Scafo pieno di veliero in ferro Scafo pieno veliero da carico in ferro</p>", "field_year": "1938", "field_audio": "", "field_status": "OK/ R/05", "field_estimation": "", "title": "Scafo pieno di veliero in ferro", "field_inventory_old": "46", "field_placing": "154-3471", "field_vertical_exposition": "False", "nid": "135", "field_inventory_1": " 65 ", "field_model_value": "100", "field_image": "images/_MG_3472.JPG", "field_inventory": " 65 ", "field_model_actual_value": "400", "field_other_image": "images/_MG_3471.JPG,images/_MG_3474.JPG,images/_MG_3476.JPG", "field_exposed": "True"}, {"body": "<p>Bacino di carenaggio scala 1:200</p>", "field_year": "1931", "field_audio": "", "field_status": "Alluvionato", "field_estimation": "", "title": "Bacino di carenaggio scala 1:200", "field_inventory_old": "28", "field_placing": "3556", "field_vertical_exposition": "False", "nid": "139", "field_inventory_1": " 70 ", "field_model_value": "3871", "field_image": "", "field_inventory": " 70 ", "field_model_actual_value": "200", "field_other_image": "", "field_exposed": "True"}, {"body": "<p>Piroscafo da passeggeri scala 1:100</p>", "field_year": "1928", "field_audio": "", "field_status": "OK/ R/05", "field_estimation": "", "title": "Piroscafo da passeggeri scala 1:100", "field_inventory_old": "3", "field_placing": "88-20-7178", "field_vertical_exposition": "False", "nid": "118", "field_inventory_1": " 41 ", "field_model_value": "500", "field_image": "images/_MG_7183.JPG", "field_inventory": " 41 ", "field_model_actual_value": "3.500", "field_other_image": "images/_MG_7189.JPG,images/_MG_7182.JPG,images/_MG_7180.JPG,images/_MG_7188.JPG,images/_MG_7178.JPG,images/_MG_7187.JPG", "field_exposed": "True"}, {"body": "", "field_year": "", "field_audio": "", "field_status": "", "field_estimation": "", "title": "Nave Oceanografica", "field_inventory_old": "", "field_placing": "", "field_vertical_exposition": "False", "nid": "226", "field_inventory_1": "", "field_model_value": "", "field_image": "", "field_inventory": "", "field_model_actual_value": "", "field_other_image": "", "field_exposed": "True"}, {"body": "<p>Modello Nave t/p Hadrian</p>", "field_year": "1965", "field_audio": "", "field_status": "OK", "field_estimation": "", "title": "Modello Nave t/p Hadrian ", "field_inventory_old": "224", "field_placing": "40-52-2218", "field_vertical_exposition": "False", "nid": "119", "field_inventory_1": " 43 ", "field_model_value": "3.650.880", "field_image": "images/_MG_2201.JPG", "field_inventory": " 43 ", "field_model_actual_value": "6.000", "field_other_image": "images/_MG_2229.JPG,images/_MG_2247.JPG,images/_MG_2238.JPG,images/_MG_2218.JPG,images/_MG_2230.JPG,images/_MG_2207.JPG,images/_MG_2223.JPG,images/_MG_2202.JPG,images/_MG_2220.JPG,images/_MG_2232.JPG,images/_MG_2206.JPG,images/_MG_2200.JPG,images/_MG_2208.JPG,images/_MG_2204.JPG", "field_exposed": "True"}, {"body": "<p>Rimorchiatore alto mare moderno scala 1:25 in bacheca</p>", "field_year": "1928", "field_audio": "", "field_status": "OK/ R/ 05", "field_estimation": "", "title": "Rimorchiatore alto mare moderno scala 1:25 in bacheca", "field_inventory_old": "2", "field_placing": "83-33-7165-7166-7169-7170-7172-7174-7175-7176-7177", "field_vertical_exposition": "False", "nid": "98", "field_inventory_1": " 14 ", "field_model_value": "1.500", "field_image": "images/_MG_7169.JPG", "field_inventory": " 14 ", "field_model_actual_value": "2.500", "field_other_image": "images/_MG_7172.JPG,images/_MG_7166.JPG,images/_MG_7165.JPG", "field_exposed": "True"}, {"body": "<p>Piroscafo da carico scala 1:100</p>", "field_year": "1928", "field_audio": "", "field_status": "OK/ R/05", "field_estimation": "", "title": "Piroscafo da carico scala 1:100", "field_inventory_old": "4", "field_placing": "97-7137", "field_vertical_exposition": "False", "nid": "120", "field_inventory_1": " 44 ", "field_model_value": "500", "field_image": "images/_MG_7149.JPG", "field_inventory": " 44 ", "field_model_actual_value": "3.000", "field_other_image": "images/_MG_7150.JPG,images/_MG_7140.JPG,images/_MG_7142.JPG,images/_MG_7139.JPG,images/_MG_7141.JPG,images/_MG_7137.JPG,images/_MG_7145.JPG", "field_exposed": "True"}, {"body": "<p>Scafo pieno piroscafo ad elica con 2 fumaioli Scafo pieno motoveliero con 3 alberi, bompresso e 2 fumaioli</p>", "field_year": "1939", "field_audio": "", "field_status": "OK/ R/05", "field_estimation": "", "title": "Scafo pieno piroscafo ad elica con 2 fumaioli", "field_inventory_old": "34", "field_placing": "323-3804", "field_vertical_exposition": "False", "nid": "138", "field_inventory_1": " 69 ", "field_model_value": "100", "field_image": "", "field_inventory": " 69 ", "field_model_actual_value": "250", "field_other_image": "", "field_exposed": "True"}, {"body": "<p>Cacciatorpediniere da 30 nodi Pattison</p>", "field_year": "1939", "field_audio": "", "field_status": "R", "field_estimation": "", "title": "Cacciatorpediniere da 30 nodi Pattison", "field_inventory_old": "60", "field_placing": "7-4381-4382-4383-4384-4385 ACTON", "field_vertical_exposition": "False", "nid": "97", "field_inventory_1": " 13 ", "field_model_value": "150.000", "field_image": "images/_MG_4385.JPG", "field_inventory": " 13 ", "field_model_actual_value": "4.000", "field_other_image": "images/_MG_4384.JPG,images/_MG_4383.JPG,images/_MG_4382.JPG,images/_MG_4381.JPG", "field_exposed": "True"}, {"body": "<p>Cacciatorpediniere da 30 nodi Thornikroft</p>", "field_year": "1939", "field_audio": "", "field_status": "R", "field_estimation": "", "title": "Cacciatorpediniere da 30 nodi Thornikroft", "field_inventory_old": "59", "field_placing": "47 B-4391-4392-4393-4394-4395-4396-4397 ACTON", "field_vertical_exposition": "False", "nid": "96", "field_inventory_1": " 12 ", "field_model_value": "250.000", "field_image": "images/_MG_4397.JPG", "field_inventory": " 12 ", "field_model_actual_value": "4.000", "field_other_image": "images/_MG_4394.JPG,images/_MG_4391.JPG,images/_MG_4392.JPG,images/_MG_4395.JPG,images/_MG_4396.JPG,images/_MG_4393.JPG", "field_exposed": "True"}, {"body": "<p>Modello di clipper americano scala 1:100 secolo XIX</p>", "field_year": "1959", "field_audio": "", "field_status": "OK/ R/05", "field_estimation": "", "title": "Modello di clipper americano scala 1:100 secolo XIX ", "field_inventory_old": "125", "field_placing": "1-3449-3452-3453-3454-3456", "field_vertical_exposition": "False", "nid": "92", "field_inventory_1": " 6 ", "field_model_value": "40.000", "field_image": "images/_MG_3452.JPG", "field_inventory": " 6 ", "field_model_actual_value": "2.000", "field_other_image": "images/_MG_3449.JPG,images/_MG_3454.JPG,images/_MG_3453.JPG", "field_exposed": "True"}, {"body": "<p>Pirocorvetta a ruote (Postale)</p>", "field_year": "", "field_audio": "", "field_status": "OK/R/05", "field_estimation": "", "title": "Pirocorvetta a ruote (Postale)", "field_inventory_old": "-", "field_placing": "13-3478-3479-3480-3481-3484-3487-3488-3489-3490-3491-3493", "field_vertical_exposition": "False", "nid": "91", "field_inventory_1": " 5 ", "field_model_value": "", "field_image": "images/_MG_3484.JPG", "field_inventory": " 5 ", "field_model_actual_value": "3.000", "field_other_image": "images/_MG_3487.JPG,images/_MG_3491.JPG,images/_MG_3481.JPG,images/_MG_3480.JPG,images/_MG_3493.JPG,images/_MG_3478.JPG", "field_exposed": "True"}, {"body": "<p>Draga Ptolomee</p>", "field_year": "1972", "field_audio": "", "field_status": "OK/ R/05", "field_estimation": "", "title": "Draga Pitolomee", "field_inventory_old": "514", "field_placing": "15-2171", "field_vertical_exposition": "False", "nid": "123", "field_inventory_1": " 47 ", "field_model_value": "300.000", "field_image": "images/_MG_2166.JPG", "field_inventory": " 47 ", "field_model_actual_value": "5.000", "field_other_image": "images/_MG_2169.JPG,images/_MG_2173.JPG,images/_MG_2186.JPG,images/_MG_2174.JPG,images/_MG_2183.JPG,images/_MG_2171.JPG,images/_MG_2160.JPG,images/_MG_2161.JPG,images/_MG_2158.JPG,images/_MG_2181.JPG,images/_MG_2185.JPG,images/_MG_2187.JPG", "field_exposed": "True"}, {"body": "<p>Galea settecentesca completamente armata a remi</p>", "field_year": "1937", "field_audio": "", "field_status": "OK/ R/05", "field_estimation": "", "title": "Galea settecentesca completamente armata a remi", "field_inventory_old": "62", "field_placing": "16-2370-2371-2372-2373-2374-2375-2376-2377-2378-2379-2380-2381-2382-2383-2384", "field_vertical_exposition": "False", "nid": "90", "field_inventory_1": " 3 ", "field_model_value": "60.000", "field_image": "images/_MG_2379.JPG", "field_inventory": " 3 ", "field_model_actual_value": "6.000", "field_other_image": "images/_MG_2380.JPG,images/_MG_2374.JPG,images/_MG_2370.JPG,images/_MG_2382.JPG,images/_MG_2381.JPG,images/_MG_2376.JPG,images/_MG_2371.JPG,images/_MG_2378.JPG,images/_MG_2375.JPG,images/_MG_2373.JPG,images/_MG_2372.JPG,images/_MG_2384.JPG,images/_MG_2383.JPG,images/_MG_2377.JPG", "field_exposed": "True"}, {"body": "<p>Piroscafo ex Florio da carico e passeggeri scala 1:25</p>", "field_year": "1928", "field_audio": "", "field_status": "R Alluvionato", "field_estimation": "V", "title": "Piroscafo ex Florio da carico e passeggeri scala 1:25", "field_inventory_old": "5", "field_placing": "320-3831", "field_vertical_exposition": "False", "nid": "121", "field_inventory_1": " 45 ", "field_model_value": "200.000", "field_image": "images/_MG_3844.JPG", "field_inventory": " 45 ", "field_model_actual_value": "4.000", "field_other_image": "images/_MG_3831.JPG,images/_MG_3833.JPG,images/_MG_3850.JPG,images/_MG_3849.JPG,images/_MG_3841.JPG,images/_MG_3832.JPG,images/_MG_3851.JPG,images/_MG_3842.JPG,images/_MG_3846.JPG,images/_MG_3840.JPG,images/_MG_3854.JPG,images/_MG_3848.JPG,images/_MG_3843.JPG", "field_exposed": "True"}, {"body": "<p>Tavola a muro con nodi marinareschi</p>", "field_year": "1939", "field_audio": "", "field_status": "OK", "field_estimation": "", "title": "Tavola a muro con nodi marinareschi", "field_inventory_old": "37", "field_placing": "317-2004", "field_vertical_exposition": "False", "nid": "129", "field_inventory_1": " 55 ", "field_model_value": "200", "field_image": "images/_MG_2004.JPG", "field_inventory": " 55 ", "field_model_actual_value": "500", "field_other_image": "", "field_exposed": "True"}, {"body": "<p>Tronco poppiero architettonico di nave a vela con specchio quadro</p>", "field_year": "1939", "field_audio": "", "field_status": "OK/ R/05", "field_estimation": "", "title": "Tronco poppiero architettonico di nave a vela con specchio quadro", "field_inventory_old": "65", "field_placing": "25-3670-3673-3675-3677-3680-3681", "field_vertical_exposition": "False", "nid": "105", "field_inventory_1": " 26 ", "field_model_value": "40.000", "field_image": "images/_MG_3681.JPG", "field_inventory": " 26 ", "field_model_actual_value": "1.000", "field_other_image": "images/_MG_3670.JPG,images/_MG_3680.JPG,images/_MG_3675.JPG,images/_MG_3677.JPG,images/_MG_3673.JPG", "field_exposed": "True"}, {"body": "<p>Campionario cavi in fibre vegetali tessili catramati e minutenze su quadro a muro</p>", "field_year": "1939", "field_audio": "", "field_status": "OK", "field_estimation": "", "title": "Campionario cavi in fibre vegetali tessili catramati e minutenze su quadro a muro", "field_inventory_old": "38", "field_placing": "310-7061", "field_vertical_exposition": "False", "nid": "130", "field_inventory_1": " 56 ", "field_model_value": "100", "field_image": "images/_MG_7061_1.JPG", "field_inventory": " 56 ", "field_model_actual_value": "500", "field_other_image": "images/_MG_7061con_aggiunta_digitale_di_corda_mancante.jpg,images/_MG_7256.JPG", "field_exposed": "True"}, {"body": "<p>Tronco poppiero piroscafo ad elica con ordinate deviate</p>", "field_year": "1939", "field_audio": "", "field_status": "OK/ R/05", "field_estimation": "", "title": "Tronco poppiero piroscafo ad elica con ordinate deviate", "field_inventory_old": "31", "field_placing": "29-3699-3700-3704-3707-3708-3710", "field_vertical_exposition": "False", "nid": "104", "field_inventory_1": " 24 ", "field_model_value": "150", "field_image": "images/_MG_3708.JPG", "field_inventory": " 24 ", "field_model_actual_value": "1.500", "field_other_image": "images/_MG_3707.JPG,images/_MG_3710.JPG,images/_MG_3704.JPG,images/_MG_3699.JPG", "field_exposed": "True"}, {"body": "<p>Paranco doppio su paranco a ghia n. 2 bozzelli con ganci per i paranchi(ostini) del picco da carico Ancora romana con ceppo in piombo (micro modello)</p>", "field_year": "1951", "field_audio": "", "field_status": "OK", "field_estimation": "", "title": "Paranco doppio su paranco a ghia", "field_inventory_old": "93", "field_placing": "7109-3777", "field_vertical_exposition": "False", "nid": "190", "field_inventory_1": " 136 ", "field_model_value": "4.385", "field_image": "images/_MG_3777.JPG", "field_inventory": " 136 ", "field_model_actual_value": "200", "field_other_image": "images/_MG_7109.JPG,images/_MG_3776.JPG,images/_MG_3778.JPG", "field_exposed": "True"}, {"body": "<p>Pannello con attrezzi, bozzelli e maniglioni</p>", "field_year": "1985", "field_audio": "", "field_status": "OK", "field_estimation": "", "title": "Pannello con attrezzi, bozzelli e maniglioni", "field_inventory_old": "910/2", "field_placing": "412-7102", "field_vertical_exposition": "False", "nid": "132", "field_inventory_1": " 60 ", "field_model_value": "177.000", "field_image": "images/_MG_7102.JPG", "field_inventory": " 60 ", "field_model_actual_value": "250", "field_other_image": "", "field_exposed": "True"}, {"body": "<p>Pannello con attrezzi da carico</p>", "field_year": "1985", "field_audio": "", "field_status": "OK", "field_estimation": "", "title": "Pannello con attrezzi da carico", "field_inventory_old": "910/1", "field_placing": "411-7095", "field_vertical_exposition": "False", "nid": "131", "field_inventory_1": " 59 ", "field_model_value": "177.000", "field_image": "images/_MG_7095.JPG", "field_inventory": " 59 ", "field_model_actual_value": "250", "field_other_image": "", "field_exposed": "True"}, {"body": "<p>Verricello a mano con 2 campane</p>", "field_year": "1985", "field_audio": "", "field_status": "OK", "field_estimation": "", "title": "Verricello a mano con 2 campane", "field_inventory_old": "909", "field_placing": "311-7241", "field_vertical_exposition": "False", "nid": "151", "field_inventory_1": " 87 ", "field_model_value": "650.000", "field_image": "images/_MG_7243.JPG", "field_inventory": " 87 ", "field_model_actual_value": "1.500", "field_other_image": "images/_MG_7242.JPG,images/_MG_7241.JPG", "field_exposed": "True"}, {"body": "<p>Motrice tipo c.r. Nembo (Pattison)</p>", "field_year": "1937", "field_audio": "", "field_status": "OK", "field_estimation": "", "title": "Motrice tipo c.r. Nembo (Pattison)", "field_inventory_old": "63", "field_placing": "319", "field_vertical_exposition": "False", "nid": "142", "field_inventory_1": " 75 ", "field_model_value": "1.500.000", "field_image": "", "field_inventory": " 75 ", "field_model_actual_value": "800", "field_other_image": "", "field_exposed": "True"}, {"body": "<p>Scandaglio Kelvin con accessori (ex Istituto di Meteorologia)</p>", "field_year": "", "field_audio": "", "field_status": "OK", "field_estimation": "", "title": "Scandaglio Kelvin con accessori (ex Istituto di Meteorologia)", "field_inventory_old": "-", "field_placing": "105-7237-150", "field_vertical_exposition": "False", "nid": "146", "field_inventory_1": " 80 ", "field_model_value": "", "field_image": "images/_MG_7239.JPG", "field_inventory": " 80 ", "field_model_actual_value": "2.000", "field_other_image": "images/_MG_7237.JPG,images/_MG_7240.JPG", "field_exposed": "True"}, {"body": "<p>Fanale in rame</p>", "field_year": "1981", "field_audio": "", "field_status": "OK", "field_estimation": "", "title": "Fanale in rame", "field_inventory_old": "800", "field_placing": "414-3717", "field_vertical_exposition": "False", "nid": "159", "field_inventory_1": " 100 ", "field_model_value": "402500", "field_image": "images/_MG_3717.JPG", "field_inventory": " 100 ", "field_model_actual_value": "360", "field_other_image": "", "field_exposed": "True"}, {"body": "<p>Benna (accessorio scandaglio Kelvin)</p>", "field_year": "", "field_audio": "", "field_status": "OK", "field_estimation": "", "title": "Benna (accessorio scandaglio Kelvin)", "field_inventory_old": "-", "field_placing": "105-7190", "field_vertical_exposition": "False", "nid": "193", "field_inventory_1": " 140 ", "field_model_value": "", "field_image": "images/_MG_7190.JPG", "field_inventory": " 140 ", "field_model_actual_value": "300", "field_other_image": "", "field_exposed": "True"}, {"body": "<p>3 campionatori del fondo (accessori scandaglio Kelvin)</p>", "field_year": "", "field_audio": "", "field_status": "OK", "field_estimation": "", "title": "3 campionatori del fondo (accessori scandaglio Kelvin)", "field_inventory_old": "-", "field_placing": "105-7199", "field_vertical_exposition": "False", "nid": "192", "field_inventory_1": " 139 ", "field_model_value": "", "field_image": "images/_MG_7200.JPG", "field_inventory": " 139 ", "field_model_actual_value": "300", "field_other_image": "images/_MG_7199.JPG", "field_exposed": "True"}], "version": 21, "tours": [{"items": [{"body": "<p>Brigantino a palo moderno scala 1:25 senza velature</p>", "field_year": "1928", "field_audio": "audio/audio.mp3", "field_status": "OK", "field_estimation": "", "title": "Brigantino a palo moderno scala 1:25 senza velature", "field_inventory_old": "1", "field_placing": "93-81-67-2108-2115-2116-2117-2121-2128-2132-2136-2138-2141", "field_vertical_exposition": "False", "field_number_tour": "1", "nid": "89", "field_inventory_1": " 2 ", "field_model_value": "2.500", "field_image": "images/_MG_2117.JPG", "field_inventory": " 2 ", "field_model_actual_value": "15.000", "field_other_image": "images/_MG_2136.JPG,images/_MG_2108.JPG,images/_MG_2128.JPG", "field_exposed": "True"}, {"body": "<p>Goletta inglese a gabbiola invelata scala 1:50</p>", "field_year": "1951", "field_audio": "audio/audio_0.mp3", "field_status": "OK/ R/05", "field_estimation": "", "title": "Goletta inglese a gabbiola invelata scala 1:50", "field_inventory_old": "76", "field_placing": "41-2023-2025-2027-2030-2031-2033-2035-2038-2041-2042-2044-2045-2048", "field_vertical_exposition": "False", "field_number_tour": "2", "nid": "95", "field_inventory_1": " 10 ", "field_model_value": "/", "field_image": "images/_MG_2030.JPG", "field_inventory": " 10 ", "field_model_actual_value": "3.500", "field_other_image": "images/_MG_2031.JPG,images/_MG_2045.JPG,images/_MG_2035.JPG", "field_exposed": "True"}, {"body": "", "field_year": "", "field_audio": "", "field_status": "", "field_estimation": "", "title": "Vetrina attrezzi", "field_inventory_old": "", "field_placing": "", "field_vertical_exposition": "False", "field_number_tour": "3", "nid": "218", "field_inventory_1": "", "field_model_value": "", "field_image": "", "field_inventory": "", "field_model_actual_value": "", "field_other_image": "", "field_exposed": "True"}, {"body": "", "field_year": "", "field_audio": "", "field_status": "", "field_estimation": "", "title": "Brigantino senza vela", "field_inventory_old": "", "field_placing": "", "field_vertical_exposition": "False", "field_number_tour": "4", "nid": "219", "field_inventory_1": "", "field_model_value": "", "field_image": "", "field_inventory": "", "field_model_actual_value": "", "field_other_image": "", "field_exposed": "True"}, {"body": "", "field_year": "", "field_audio": "", "field_status": "", "field_estimation": "", "title": "Brigantino invelato", "field_inventory_old": "", "field_placing": "", "field_vertical_exposition": "False", "field_number_tour": "5", "nid": "221", "field_inventory_1": "", "field_model_value": "", "field_image": "", "field_inventory": "", "field_model_actual_value": "", "field_other_image": "", "field_exposed": "True"}, {"body": "", "field_year": "", "field_audio": "", "field_status": "", "field_estimation": "", "title": "Vascello borbonico", "field_inventory_old": "", "field_placing": "", "field_vertical_exposition": "False", "field_number_tour": "6", "nid": "220", "field_inventory_1": "", "field_model_value": "", "field_image": "", "field_inventory": "", "field_model_actual_value": "", "field_other_image": "", "field_exposed": "True"}, {"body": "", "field_year": "", "field_audio": "", "field_status": "", "field_estimation": "", "title": "Vetrina bussole", "field_inventory_old": "", "field_placing": "", "field_vertical_exposition": "False", "field_number_tour": "7", "nid": "223", "field_inventory_1": "", "field_model_value": "", "field_image": "", "field_inventory": "", "field_model_actual_value": "", "field_other_image": "", "field_exposed": "True"}, {"body": "", "field_year": "", "field_audio": "", "field_status": "", "field_estimation": "", "title": "Vetrina calcolatore", "field_inventory_old": "", "field_placing": "", "field_vertical_exposition": "False", "field_number_tour": "8", "nid": "224", "field_inventory_1": "", "field_model_value": "", "field_image": "", "field_inventory": "", "field_model_actual_value": "", "field_other_image": "", "field_exposed": "True"}, {"body": "", "field_year": "", "field_audio": "", "field_status": "", "field_estimation": "", "title": "Polena", "field_inventory_old": "", "field_placing": "", "field_vertical_exposition": "False", "field_number_tour": "9", "nid": "222", "field_inventory_1": "", "field_model_value": "", "field_image": "", "field_inventory": "", "field_model_actual_value": "", "field_other_image": "", "field_exposed": "True"}, {"body": "<p>Bussola a secco con custodia e completa di accessori</p>", "field_year": "1982", "field_audio": "", "field_status": "R", "field_estimation": "", "title": "Bussola a secco con custodia e completa di accessori", "field_inventory_old": "822", "field_placing": "54-3765", "field_vertical_exposition": "False", "field_number_tour": "10", "nid": "152", "field_inventory_1": " 88 ", "field_model_value": "1.679.000", "field_image": "images/_MG_3769.JPG", "field_inventory": " 88 ", "field_model_actual_value": "2.500", "field_other_image": "images/_MG_3765.JPG", "field_exposed": "True"}, {"body": "<p>Chiesuola bussola piroscafo</p>", "field_year": "", "field_audio": "", "field_status": "R", "field_estimation": "", "title": "Chiesuola bussola piroscafo", "field_inventory_old": "-", "field_placing": "304-7271", "field_vertical_exposition": "False", "field_number_tour": "11", "nid": "148", "field_inventory_1": " 82 ", "field_model_value": "", "field_image": "images/_MG_7267.JPG", "field_inventory": " 82 ", "field_model_actual_value": "500", "field_other_image": "images/_MG_7271.JPG,images/_MG_7265.JPG,images/_MG_7272.JPG", "field_exposed": "True"}, {"body": "<p>Bussola Gironautica</p>", "field_year": "", "field_audio": "", "field_status": "R", "field_estimation": "V", "title": "Bussola Gironautica", "field_inventory_old": "-", "field_placing": "149-3637", "field_vertical_exposition": "False", "field_number_tour": "12", "nid": "156", "field_inventory_1": " 96 ", "field_model_value": "", "field_image": "", "field_inventory": " 96 ", "field_model_actual_value": "1.000", "field_other_image": "", "field_exposed": "True"}, {"body": "<p>Bussola a secco collocata nella chiesuola con compensatore a sfere Filotecnica Ing. Salmoiraghi - Milano (ex Istituto di Navigazione)</p>", "field_year": "", "field_audio": "", "field_status": "R", "field_estimation": "V", "title": "Bussola a secco collocata nella chiesuola con compensatore a sfere Filotecnica Ing. Salmoiraghi  - Milano (ex Istituto di Navigazione)", "field_inventory_old": "-", "field_placing": "7261", "field_vertical_exposition": "False", "field_number_tour": "13", "nid": "154", "field_inventory_1": " 94 ", "field_model_value": "", "field_image": "images/_MG_7259_0.JPG", "field_inventory": " 94 ", "field_model_actual_value": "2.000", "field_other_image": "images/_MG_7262_0.JPG,images/_MG_7261_0.JPG", "field_exposed": "True"}, {"body": "<p>Ceppo in piombo di ancora romana (reperto)</p>", "field_year": "", "field_audio": "", "field_status": "OK", "field_estimation": "", "title": "Ceppo in piombo di ancora romana (reperto)", "field_inventory_old": "-", "field_placing": "7039", "field_vertical_exposition": "False", "field_number_tour": "14", "nid": "191", "field_inventory_1": " 138 ", "field_model_value": "", "field_image": "images/_MG_7041.JPG", "field_inventory": " 138 ", "field_model_actual_value": "400", "field_other_image": "images/_MG_7039.JPG,images/_MG_7043.JPG", "field_exposed": "True"}, {"body": "<p>Scafo pieno di feluca del golfo di Napoli</p>", "field_year": "1937", "field_audio": "", "field_status": "OK/ R/05", "field_estimation": "", "title": "Scafo pieno di feluca del golfo di Napoli", "field_inventory_old": "45", "field_placing": "19-7202", "field_vertical_exposition": "False", "field_number_tour": "15", "nid": "133", "field_inventory_1": " 62 ", "field_model_value": "40", "field_image": "images/_MG_7205.JPG", "field_inventory": " 62 ", "field_model_actual_value": "1.500", "field_other_image": "images/_MG_7204.JPG,images/_MG_7208.JPG,images/_MG_7206.JPG,images/_MG_7202.JPG", "field_exposed": "True"}, {"body": "<p>Scafo pieno di veliero in ferro Scafo pieno veliero da carico in ferro</p>", "field_year": "1938", "field_audio": "", "field_status": "OK/ R/05", "field_estimation": "", "title": "Scafo pieno di veliero in ferro", "field_inventory_old": "46", "field_placing": "154-3471", "field_vertical_exposition": "False", "field_number_tour": "16", "nid": "135", "field_inventory_1": " 65 ", "field_model_value": "100", "field_image": "images/_MG_3472.JPG", "field_inventory": " 65 ", "field_model_actual_value": "400", "field_other_image": "images/_MG_3471.JPG,images/_MG_3474.JPG,images/_MG_3476.JPG", "field_exposed": "True"}, {"body": "<p>Bacino di carenaggio scala 1:200</p>", "field_year": "1931", "field_audio": "", "field_status": "Alluvionato", "field_estimation": "", "title": "Bacino di carenaggio scala 1:200", "field_inventory_old": "28", "field_placing": "3556", "field_vertical_exposition": "False", "field_number_tour": "17", "nid": "139", "field_inventory_1": " 70 ", "field_model_value": "3871", "field_image": "", "field_inventory": " 70 ", "field_model_actual_value": "200", "field_other_image": "", "field_exposed": "True"}, {"body": "<p>Piroscafo da passeggeri scala 1:100</p>", "field_year": "1928", "field_audio": "", "field_status": "OK/ R/05", "field_estimation": "", "title": "Piroscafo da passeggeri scala 1:100", "field_inventory_old": "3", "field_placing": "88-20-7178", "field_vertical_exposition": "False", "field_number_tour": "18", "nid": "118", "field_inventory_1": " 41 ", "field_model_value": "500", "field_image": "images/_MG_7183.JPG", "field_inventory": " 41 ", "field_model_actual_value": "3.500", "field_other_image": "images/_MG_7189.JPG,images/_MG_7182.JPG,images/_MG_7180.JPG,images/_MG_7188.JPG,images/_MG_7178.JPG,images/_MG_7187.JPG", "field_exposed": "True"}, {"body": "", "field_year": "", "field_audio": "", "field_status": "", "field_estimation": "", "title": "Nave Oceanografica", "field_inventory_old": "", "field_placing": "", "field_vertical_exposition": "False", "field_number_tour": "19", "nid": "226", "field_inventory_1": "", "field_model_value": "", "field_image": "", "field_inventory": "", "field_model_actual_value": "", "field_other_image": "", "field_exposed": "True"}, {"body": "<p>Modello Nave t/p Hadrian</p>", "field_year": "1965", "field_audio": "", "field_status": "OK", "field_estimation": "", "title": "Modello Nave t/p Hadrian ", "field_inventory_old": "224", "field_placing": "40-52-2218", "field_vertical_exposition": "False", "field_number_tour": "20", "nid": "119", "field_inventory_1": " 43 ", "field_model_value": "3.650.880", "field_image": "images/_MG_2201.JPG", "field_inventory": " 43 ", "field_model_actual_value": "6.000", "field_other_image": "images/_MG_2229.JPG,images/_MG_2247.JPG,images/_MG_2238.JPG,images/_MG_2218.JPG,images/_MG_2230.JPG,images/_MG_2207.JPG,images/_MG_2223.JPG,images/_MG_2202.JPG,images/_MG_2220.JPG,images/_MG_2232.JPG,images/_MG_2206.JPG,images/_MG_2200.JPG,images/_MG_2208.JPG,images/_MG_2204.JPG", "field_exposed": "True"}, {"body": "<p>Rimorchiatore alto mare moderno scala 1:25 in bacheca</p>", "field_year": "1928", "field_audio": "", "field_status": "OK/ R/ 05", "field_estimation": "", "title": "Rimorchiatore alto mare moderno scala 1:25 in bacheca", "field_inventory_old": "2", "field_placing": "83-33-7165-7166-7169-7170-7172-7174-7175-7176-7177", "field_vertical_exposition": "False", "field_number_tour": "21", "nid": "98", "field_inventory_1": " 14 ", "field_model_value": "1.500", "field_image": "images/_MG_7169.JPG", "field_inventory": " 14 ", "field_model_actual_value": "2.500", "field_other_image": "images/_MG_7172.JPG,images/_MG_7166.JPG,images/_MG_7165.JPG", "field_exposed": "True"}, {"body": "<p>Piroscafo da carico scala 1:100</p>", "field_year": "1928", "field_audio": "", "field_status": "OK/ R/05", "field_estimation": "", "title": "Piroscafo da carico scala 1:100", "field_inventory_old": "4", "field_placing": "97-7137", "field_vertical_exposition": "False", "field_number_tour": "22", "nid": "120", "field_inventory_1": " 44 ", "field_model_value": "500", "field_image": "images/_MG_7149.JPG", "field_inventory": " 44 ", "field_model_actual_value": "3.000", "field_other_image": "images/_MG_7150.JPG,images/_MG_7140.JPG,images/_MG_7142.JPG,images/_MG_7139.JPG,images/_MG_7141.JPG,images/_MG_7137.JPG,images/_MG_7145.JPG", "field_exposed": "True"}, {"body": "<p>Scafo pieno piroscafo ad elica con 2 fumaioli Scafo pieno motoveliero con 3 alberi, bompresso e 2 fumaioli</p>", "field_year": "1939", "field_audio": "", "field_status": "OK/ R/05", "field_estimation": "", "title": "Scafo pieno piroscafo ad elica con 2 fumaioli", "field_inventory_old": "34", "field_placing": "323-3804", "field_vertical_exposition": "False", "field_number_tour": "23", "nid": "138", "field_inventory_1": " 69 ", "field_model_value": "100", "field_image": "", "field_inventory": " 69 ", "field_model_actual_value": "250", "field_other_image": "", "field_exposed": "True"}, {"body": "<p>Cacciatorpediniere da 30 nodi Pattison</p>", "field_year": "1939", "field_audio": "", "field_status": "R", "field_estimation": "", "title": "Cacciatorpediniere da 30 nodi Pattison", "field_inventory_old": "60", "field_placing": "7-4381-4382-4383-4384-4385 ACTON", "field_vertical_exposition": "False", "field_number_tour": "27", "nid": "97", "field_inventory_1": " 13 ", "field_model_value": "150.000", "field_image": "images/_MG_4385.JPG", "field_inventory": " 13 ", "field_model_actual_value": "4.000", "field_other_image": "images/_MG_4384.JPG,images/_MG_4383.JPG,images/_MG_4382.JPG,images/_MG_4381.JPG", "field_exposed": "True"}, {"body": "<p>Cacciatorpediniere da 30 nodi Thornikroft</p>", "field_year": "1939", "field_audio": "", "field_status": "R", "field_estimation": "", "title": "Cacciatorpediniere da 30 nodi Thornikroft", "field_inventory_old": "59", "field_placing": "47 B-4391-4392-4393-4394-4395-4396-4397 ACTON", "field_vertical_exposition": "False", "field_number_tour": "28", "nid": "96", "field_inventory_1": " 12 ", "field_model_value": "250.000", "field_image": "images/_MG_4397.JPG", "field_inventory": " 12 ", "field_model_actual_value": "4.000", "field_other_image": "images/_MG_4394.JPG,images/_MG_4391.JPG,images/_MG_4392.JPG,images/_MG_4395.JPG,images/_MG_4396.JPG,images/_MG_4393.JPG", "field_exposed": "True"}, {"body": "<p>Modello di clipper americano scala 1:100 secolo XIX</p>", "field_year": "1959", "field_audio": "", "field_status": "OK/ R/05", "field_estimation": "", "title": "Modello di clipper americano scala 1:100 secolo XIX ", "field_inventory_old": "125", "field_placing": "1-3449-3452-3453-3454-3456", "field_vertical_exposition": "False", "field_number_tour": "30", "nid": "92", "field_inventory_1": " 6 ", "field_model_value": "40.000", "field_image": "images/_MG_3452.JPG", "field_inventory": " 6 ", "field_model_actual_value": "2.000", "field_other_image": "images/_MG_3449.JPG,images/_MG_3454.JPG,images/_MG_3453.JPG", "field_exposed": "True"}, {"body": "<p>Pirocorvetta a ruote (Postale)</p>", "field_year": "", "field_audio": "", "field_status": "OK/R/05", "field_estimation": "", "title": "Pirocorvetta a ruote (Postale)", "field_inventory_old": "-", "field_placing": "13-3478-3479-3480-3481-3484-3487-3488-3489-3490-3491-3493", "field_vertical_exposition": "False", "field_number_tour": "31", "nid": "91", "field_inventory_1": " 5 ", "field_model_value": "", "field_image": "images/_MG_3484.JPG", "field_inventory": " 5 ", "field_model_actual_value": "3.000", "field_other_image": "images/_MG_3487.JPG,images/_MG_3491.JPG,images/_MG_3481.JPG,images/_MG_3480.JPG,images/_MG_3493.JPG,images/_MG_3478.JPG", "field_exposed": "True"}, {"body": "<p>Draga Ptolomee</p>", "field_year": "1972", "field_audio": "", "field_status": "OK/ R/05", "field_estimation": "", "title": "Draga Pitolomee", "field_inventory_old": "514", "field_placing": "15-2171", "field_vertical_exposition": "False", "field_number_tour": "32", "nid": "123", "field_inventory_1": " 47 ", "field_model_value": "300.000", "field_image": "images/_MG_2166.JPG", "field_inventory": " 47 ", "field_model_actual_value": "5.000", "field_other_image": "images/_MG_2169.JPG,images/_MG_2173.JPG,images/_MG_2186.JPG,images/_MG_2174.JPG,images/_MG_2183.JPG,images/_MG_2171.JPG,images/_MG_2160.JPG,images/_MG_2161.JPG,images/_MG_2158.JPG,images/_MG_2181.JPG,images/_MG_2185.JPG,images/_MG_2187.JPG", "field_exposed": "True"}, {"body": "<p>Galea settecentesca completamente armata a remi</p>", "field_year": "1937", "field_audio": "", "field_status": "OK/ R/05", "field_estimation": "", "title": "Galea settecentesca completamente armata a remi", "field_inventory_old": "62", "field_placing": "16-2370-2371-2372-2373-2374-2375-2376-2377-2378-2379-2380-2381-2382-2383-2384", "field_vertical_exposition": "False", "field_number_tour": "33", "nid": "90", "field_inventory_1": " 3 ", "field_model_value": "60.000", "field_image": "images/_MG_2379.JPG", "field_inventory": " 3 ", "field_model_actual_value": "6.000", "field_other_image": "images/_MG_2380.JPG,images/_MG_2374.JPG,images/_MG_2370.JPG,images/_MG_2382.JPG,images/_MG_2381.JPG,images/_MG_2376.JPG,images/_MG_2371.JPG,images/_MG_2378.JPG,images/_MG_2375.JPG,images/_MG_2373.JPG,images/_MG_2372.JPG,images/_MG_2384.JPG,images/_MG_2383.JPG,images/_MG_2377.JPG", "field_exposed": "True"}, {"body": "<p>Piroscafo ex Florio da carico e passeggeri scala 1:25</p>", "field_year": "1928", "field_audio": "", "field_status": "R Alluvionato", "field_estimation": "V", "title": "Piroscafo ex Florio da carico e passeggeri scala 1:25", "field_inventory_old": "5", "field_placing": "320-3831", "field_vertical_exposition": "False", "field_number_tour": "34", "nid": "121", "field_inventory_1": " 45 ", "field_model_value": "200.000", "field_image": "images/_MG_3844.JPG", "field_inventory": " 45 ", "field_model_actual_value": "4.000", "field_other_image": "images/_MG_3831.JPG,images/_MG_3833.JPG,images/_MG_3850.JPG,images/_MG_3849.JPG,images/_MG_3841.JPG,images/_MG_3832.JPG,images/_MG_3851.JPG,images/_MG_3842.JPG,images/_MG_3846.JPG,images/_MG_3840.JPG,images/_MG_3854.JPG,images/_MG_3848.JPG,images/_MG_3843.JPG", "field_exposed": "True"}, {"body": "<p>Tavola a muro con nodi marinareschi</p>", "field_year": "1939", "field_audio": "", "field_status": "OK", "field_estimation": "", "title": "Tavola a muro con nodi marinareschi", "field_inventory_old": "37", "field_placing": "317-2004", "field_vertical_exposition": "False", "field_number_tour": "37", "nid": "129", "field_inventory_1": " 55 ", "field_model_value": "200", "field_image": "images/_MG_2004.JPG", "field_inventory": " 55 ", "field_model_actual_value": "500", "field_other_image": "", "field_exposed": "True"}, {"body": "<p>Tronco poppiero architettonico di nave a vela con specchio quadro</p>", "field_year": "1939", "field_audio": "", "field_status": "OK/ R/05", "field_estimation": "", "title": "Tronco poppiero architettonico di nave a vela con specchio quadro", "field_inventory_old": "65", "field_placing": "25-3670-3673-3675-3677-3680-3681", "field_vertical_exposition": "False", "field_number_tour": "44", "nid": "105", "field_inventory_1": " 26 ", "field_model_value": "40.000", "field_image": "images/_MG_3681.JPG", "field_inventory": " 26 ", "field_model_actual_value": "1.000", "field_other_image": "images/_MG_3670.JPG,images/_MG_3680.JPG,images/_MG_3675.JPG,images/_MG_3677.JPG,images/_MG_3673.JPG", "field_exposed": "True"}, {"body": "<p>Campionario cavi in fibre vegetali tessili catramati e minutenze su quadro a muro</p>", "field_year": "1939", "field_audio": "", "field_status": "OK", "field_estimation": "", "title": "Campionario cavi in fibre vegetali tessili catramati e minutenze su quadro a muro", "field_inventory_old": "38", "field_placing": "310-7061", "field_vertical_exposition": "False", "field_number_tour": "45", "nid": "130", "field_inventory_1": " 56 ", "field_model_value": "100", "field_image": "images/_MG_7061_1.JPG", "field_inventory": " 56 ", "field_model_actual_value": "500", "field_other_image": "images/_MG_7061con_aggiunta_digitale_di_corda_mancante.jpg,images/_MG_7256.JPG", "field_exposed": "True"}, {"body": "<p>Tronco poppiero piroscafo ad elica con ordinate deviate</p>", "field_year": "1939", "field_audio": "", "field_status": "OK/ R/05", "field_estimation": "", "title": "Tronco poppiero piroscafo ad elica con ordinate deviate", "field_inventory_old": "31", "field_placing": "29-3699-3700-3704-3707-3708-3710", "field_vertical_exposition": "False", "field_number_tour": "46", "nid": "104", "field_inventory_1": " 24 ", "field_model_value": "150", "field_image": "images/_MG_3708.JPG", "field_inventory": " 24 ", "field_model_actual_value": "1.500", "field_other_image": "images/_MG_3707.JPG,images/_MG_3710.JPG,images/_MG_3704.JPG,images/_MG_3699.JPG", "field_exposed": "True"}, {"body": "<p>Paranco doppio su paranco a ghia n. 2 bozzelli con ganci per i paranchi(ostini) del picco da carico Ancora romana con ceppo in piombo (micro modello)</p>", "field_year": "1951", "field_audio": "", "field_status": "OK", "field_estimation": "", "title": "Paranco doppio su paranco a ghia", "field_inventory_old": "93", "field_placing": "7109-3777", "field_vertical_exposition": "False", "field_number_tour": "48", "nid": "190", "field_inventory_1": " 136 ", "field_model_value": "4.385", "field_image": "images/_MG_3777.JPG", "field_inventory": " 136 ", "field_model_actual_value": "200", "field_other_image": "images/_MG_7109.JPG,images/_MG_3776.JPG,images/_MG_3778.JPG", "field_exposed": "True"}, {"body": "<p>Pannello con attrezzi, bozzelli e maniglioni</p>", "field_year": "1985", "field_audio": "", "field_status": "OK", "field_estimation": "", "title": "Pannello con attrezzi, bozzelli e maniglioni", "field_inventory_old": "910/2", "field_placing": "412-7102", "field_vertical_exposition": "False", "field_number_tour": "49", "nid": "132", "field_inventory_1": " 60 ", "field_model_value": "177.000", "field_image": "images/_MG_7102.JPG", "field_inventory": " 60 ", "field_model_actual_value": "250", "field_other_image": "", "field_exposed": "True"}, {"body": "<p>Pannello con attrezzi da carico</p>", "field_year": "1985", "field_audio": "", "field_status": "OK", "field_estimation": "", "title": "Pannello con attrezzi da carico", "field_inventory_old": "910/1", "field_placing": "411-7095", "field_vertical_exposition": "False", "field_number_tour": "50", "nid": "131", "field_inventory_1": " 59 ", "field_model_value": "177.000", "field_image": "images/_MG_7095.JPG", "field_inventory": " 59 ", "field_model_actual_value": "250", "field_other_image": "", "field_exposed": "True"}, {"body": "<p>Verricello a mano con 2 campane</p>", "field_year": "1985", "field_audio": "", "field_status": "OK", "field_estimation": "", "title": "Verricello a mano con 2 campane", "field_inventory_old": "909", "field_placing": "311-7241", "field_vertical_exposition": "False", "field_number_tour": "53", "nid": "151", "field_inventory_1": " 87 ", "field_model_value": "650.000", "field_image": "images/_MG_7243.JPG", "field_inventory": " 87 ", "field_model_actual_value": "1.500", "field_other_image": "images/_MG_7242.JPG,images/_MG_7241.JPG", "field_exposed": "True"}, {"body": "<p>Motrice tipo c.r. Nembo (Pattison)</p>", "field_year": "1937", "field_audio": "", "field_status": "OK", "field_estimation": "", "title": "Motrice tipo c.r. Nembo (Pattison)", "field_inventory_old": "63", "field_placing": "319", "field_vertical_exposition": "False", "field_number_tour": "54", "nid": "142", "field_inventory_1": " 75 ", "field_model_value": "1.500.000", "field_image": "", "field_inventory": " 75 ", "field_model_actual_value": "800", "field_other_image": "", "field_exposed": "True"}, {"body": "<p>Scandaglio Kelvin con accessori (ex Istituto di Meteorologia)</p>", "field_year": "", "field_audio": "", "field_status": "OK", "field_estimation": "", "title": "Scandaglio Kelvin con accessori (ex Istituto di Meteorologia)", "field_inventory_old": "-", "field_placing": "105-7237-150", "field_vertical_exposition": "False", "field_number_tour": "55", "nid": "146", "field_inventory_1": " 80 ", "field_model_value": "", "field_image": "images/_MG_7239.JPG", "field_inventory": " 80 ", "field_model_actual_value": "2.000", "field_other_image": "images/_MG_7237.JPG,images/_MG_7240.JPG", "field_exposed": "True"}, {"body": "<p>Fanale in rame</p>", "field_year": "1981", "field_audio": "", "field_status": "OK", "field_estimation": "", "title": "Fanale in rame", "field_inventory_old": "800", "field_placing": "414-3717", "field_vertical_exposition": "False", "field_number_tour": "56", "nid": "159", "field_inventory_1": " 100 ", "field_model_value": "402500", "field_image": "images/_MG_3717.JPG", "field_inventory": " 100 ", "field_model_actual_value": "360", "field_other_image": "", "field_exposed": "True"}, {"body": "<p>Benna (accessorio scandaglio Kelvin)</p>", "field_year": "", "field_audio": "", "field_status": "OK", "field_estimation": "", "title": "Benna (accessorio scandaglio Kelvin)", "field_inventory_old": "-", "field_placing": "105-7190", "field_vertical_exposition": "False", "field_number_tour": "59", "nid": "193", "field_inventory_1": " 140 ", "field_model_value": "", "field_image": "images/_MG_7190.JPG", "field_inventory": " 140 ", "field_model_actual_value": "300", "field_other_image": "", "field_exposed": "True"}, {"body": "<p>3 campionatori del fondo (accessori scandaglio Kelvin)</p>", "field_year": "", "field_audio": "", "field_status": "OK", "field_estimation": "", "title": "3 campionatori del fondo (accessori scandaglio Kelvin)", "field_inventory_old": "-", "field_placing": "105-7199", "field_vertical_exposition": "False", "field_number_tour": "60", "nid": "192", "field_inventory_1": " 139 ", "field_model_value": "", "field_image": "images/_MG_7200.JPG", "field_inventory": " 139 ", "field_model_actual_value": "300", "field_other_image": "images/_MG_7199.JPG", "field_exposed": "True"}], "tour": "Complete"}], "rooms": [{"items": [{"body": "<p>Brigantino a palo moderno scala 1:25 senza velature</p>", "field_year": "1928", "field_audio": "audio/audio.mp3", "field_status": "OK", "field_estimation": "", "title": "Brigantino a palo moderno scala 1:25 senza velature", "field_inventory_old": "1", "field_placing": "93-81-67-2108-2115-2116-2117-2121-2128-2132-2136-2138-2141", "field_vertical_exposition": "False", "field_number_tour": "1", "nid": "89", "field_inventory_1": " 2 ", "field_model_value": "2.500", "field_image": "images/_MG_2117.JPG", "field_inventory": " 2 ", "field_model_actual_value": "15.000", "field_other_image": "images/_MG_2136.JPG,images/_MG_2108.JPG,images/_MG_2128.JPG", "field_exposed": "True"}, {"body": "<p>Goletta inglese a gabbiola invelata scala 1:50</p>", "field_year": "1951", "field_audio": "audio/audio_0.mp3", "field_status": "OK/ R/05", "field_estimation": "", "title": "Goletta inglese a gabbiola invelata scala 1:50", "field_inventory_old": "76", "field_placing": "41-2023-2025-2027-2030-2031-2033-2035-2038-2041-2042-2044-2045-2048", "field_vertical_exposition": "False", "field_number_tour": "2", "nid": "95", "field_inventory_1": " 10 ", "field_model_value": "/", "field_image": "images/_MG_2030.JPG", "field_inventory": " 10 ", "field_model_actual_value": "3.500", "field_other_image": "images/_MG_2031.JPG,images/_MG_2045.JPG,images/_MG_2035.JPG", "field_exposed": "True"}, {"body": "", "field_year": "", "field_audio": "", "field_status": "", "field_estimation": "", "title": "Vetrina attrezzi", "field_inventory_old": "", "field_placing": "", "field_vertical_exposition": "False", "field_number_tour": "3", "nid": "218", "field_inventory_1": "", "field_model_value": "", "field_image": "", "field_inventory": "", "field_model_actual_value": "", "field_other_image": "", "field_exposed": "True"}], "hall": "Stanza1"}, {"items": [{"body": "", "field_year": "", "field_audio": "", "field_status": "", "field_estimation": "", "title": "Brigantino senza vela", "field_inventory_old": "", "field_placing": "", "field_vertical_exposition": "False", "field_number_tour": "4", "nid": "219", "field_inventory_1": "", "field_model_value": "", "field_image": "", "field_inventory": "", "field_model_actual_value": "", "field_other_image": "", "field_exposed": "True"}, {"body": "", "field_year": "", "field_audio": "", "field_status": "", "field_estimation": "", "title": "Brigantino invelato", "field_inventory_old": "", "field_placing": "", "field_vertical_exposition": "False", "field_number_tour": "5", "nid": "221", "field_inventory_1": "", "field_model_value": "", "field_image": "", "field_inventory": "", "field_model_actual_value": "", "field_other_image": "", "field_exposed": "True"}, {"body": "", "field_year": "", "field_audio": "", "field_status": "", "field_estimation": "", "title": "Vascello borbonico", "field_inventory_old": "", "field_placing": "", "field_vertical_exposition": "False", "field_number_tour": "6", "nid": "220", "field_inventory_1": "", "field_model_value": "", "field_image": "", "field_inventory": "", "field_model_actual_value": "", "field_other_image": "", "field_exposed": "True"}], "hall": "Stanza2"}, {"items": [{"body": "", "field_year": "", "field_audio": "", "field_status": "", "field_estimation": "", "title": "Polena", "field_inventory_old": "", "field_placing": "", "field_vertical_exposition": "False", "field_number_tour": "9", "nid": "222", "field_inventory_1": "", "field_model_value": "", "field_image": "", "field_inventory": "", "field_model_actual_value": "", "field_other_image": "", "field_exposed": "True"}, {"body": "<p>Bussola a secco collocata nella chiesuola con compensatore a sfere Filotecnica Ing. Salmoiraghi - Milano (ex Istituto di Navigazione)</p>", "field_year": "", "field_audio": "", "field_status": "R", "field_estimation": "V", "title": "Bussola a secco collocata nella chiesuola con compensatore a sfere Filotecnica Ing. Salmoiraghi  - Milano (ex Istituto di Navigazione)", "field_inventory_old": "-", "field_placing": "7261", "field_vertical_exposition": "False", "field_number_tour": "13", "nid": "154", "field_inventory_1": " 94 ", "field_model_value": "", "field_image": "images/_MG_7259_0.JPG", "field_inventory": " 94 ", "field_model_actual_value": "2.000", "field_other_image": "images/_MG_7262_0.JPG,images/_MG_7261_0.JPG", "field_exposed": "True"}], "hall": "Stanza3"}], "orari": [{"giorno": "Lunedi", "orari": [{"chiusura": "17", "apertura": "9"}]}, {"giorno": "Martedi", "orari": [{"chiusura": "N/A", "apertura": "N/A"}]}, {"giorno": "Mercoledi", "orari": [{"chiusura": "17", "apertura": "9"}]}, {"giorno": "Giovedi", "orari": [{"chiusura": "N/A", "apertura": "N/A"}]}, {"giorno": "Venerdi", "orari": [{"chiusura": "17", "apertura": "9"}]}, {"giorno": "Sabato", "orari": [{"chiusura": "17", "apertura": "9"}]}, {"giorno": "Domenica", "orari": [{"chiusura": "17", "apertura": "9"}]}]}